<xml xmlns:s='uuid:BDC6E3F0-6DA3-11d1-A2A3-00AA00C14882'
	xmlns:dt='uuid:C2F41010-65B3-11d1-A29F-00AA00C14882'
	xmlns:rs='urn:schemas-microsoft-com:rowset'
	xmlns:z='#RowsetSchema'>
<s:Schema id='RowsetSchema'>
	<s:ElementType name='row' content='eltOnly' rs:CommandTimeout='30'>
		<s:AttributeType name='au_id' rs:number='1' rs:writeunknown='true'>
			<s:datatype dt:type='string' rs:dbtype='str' dt:maxLength='11' rs:maybenull='false'/>
		</s:AttributeType>
		<s:AttributeType name='au_fname' rs:number='2' rs:writeunknown='true'>
			<s:datatype dt:type='string' rs:dbtype='str' dt:maxLength='20' rs:maybenull='false'/>
		</s:AttributeType>
		<s:AttributeType name='au_lname' rs:number='3' rs:writeunknown='true'>
			<s:datatype dt:type='string' rs:dbtype='str' dt:maxLength='40' rs:maybenull='false'/>
		</s:AttributeType>
		<s:extends type='rs:rowbase'/>
	</s:ElementType>
</s:Schema>
<rs:data>
	<z:row au_id='172-32-1176' au_fname='Johnson' au_lname='White'/>
</rs:data>
</xml>