<?xml version="1.0" encoding="UTF-8" standalone="yes"?>
<?xml-stylesheet type="text/xsl" href="Markup.xsl"?>
<!--
<!DOCTYPE Languages [
  <!ELEMENT Languages (Title?, Heading1, Intro?, Language+, FootNote?)>
  <!ELEMENT Title (#PCDATA)>
  <!ELEMENT Heading1 (#PCDATA)>
  <!ELEMENT Intro (#PCDATA)>
  <!ATTLIST Intro Text CDATA #REQUIRED>
  <!ELEMENT Language (Abbreviation, FullName, Description)>
  <!ELEMENT Abbreviation (#PCDATA)>
  <!ELEMENT FullName (#PCDATA)> 
  <!ELEMENT Description (#PCDATA)>
  <!ELEMENT FootNote (#PCDATA)>
  <!ATTLIST FootNote Text CDATA #REQUIRED>
]>-->
<Languages xmlns:xsi="http://www.w3.org/2001/XMLSchema-instance" xsi:schemaLocation="Markup.xsd">
  <Title>Markup Languages</Title>
  <Heading1>*ML Languages</Heading1>
  <Intro Text="Here is a table with the 3 *ML languages:" />
  <Language>
   <Abbreviation>SGML</Abbreviation>
   <FullName>Standard Generalized Markup Language</FullName>
   <Description>Used to describe other languages</Description>
  </Language>
  <Language>
   <Abbreviation>HTML</Abbreviation>
   <FullName>Hypertext Markup Language</FullName>
   <Description>Used to describe web pages</Description>
  </Language>
  <Language>
   <Abbreviation>XML</Abbreviation>
   <FullName>Extensible Markup Language</FullName>
   <Description>Used to describe structured data</Description>
  </Language>
  <FootNote Text="Note: UML stands for Universal Modeling Language and does not fit in the above category." />
</Languages>
