<DataSet>
 <xs:schema id="EmpoyeeDS" xmlns="" xmlns:xs="http://www.w3.org/2001/XMLSchema" xmlns:msdata="urn:schemas-microsoft-com:xml-msdata">
  <xs:element name="EmpoyeeDS" msdata:IsDataSet="true">
   <xs:complexType>
    <xs:choice maxOccurs="unbounded">
     <xs:element name="Employee">
      <xs:complexType>
       <xs:sequence>
        <xs:element name="ID" type="xs:int" minOccurs="0" /> 
        <xs:element name="CountryID" type="xs:int" minOccurs="0" /> 
        <xs:element name="Names" type="xs:string" minOccurs="0" /> 
        <xs:element name="Surname" type="xs:string" minOccurs="0" /> 
        <xs:element name="JobTitle" type="xs:string" minOccurs="0" /> 
       </xs:sequence>
      </xs:complexType>
     </xs:element>
     <xs:element name="Country">
      <xs:complexType>
       <xs:sequence>
        <xs:element name="ID" type="xs:int" minOccurs="0" /> 
        <xs:element name="Name" type="xs:string" minOccurs="0" /> 
       </xs:sequence>
      </xs:complexType>
     </xs:element>
   </xs:choice>
  </xs:complexType>
   <xs:unique name="Constraint1">
    <xs:selector xpath=".//Country" /> 
    <xs:field xpath="ID" /> 
   </xs:unique>
   <xs:keyref name="FK_Country" refer="Constraint1">
     <xs:selector xpath=".//Employee" /> 
    <xs:field xpath="CountryID" /> 
   </xs:keyref>
  </xs:element>
 </xs:schema>
 <diffgr:diffgram xmlns:msdata="urn:schemas-microsoft-com:xml-msdata" xmlns:diffgr="urn:schemas-microsoft-com:xml-diffgram-v1">
  <EmpoyeeDS xmlns="">
   <Employee diffgr:id="Employee1" msdata:rowOrder="0">
    <ID>1</ID> 
    <CountryID>1</CountryID> 
    <Names>Ryan Neil</Names> 
    <Surname>Payet</Surname> 
    <JobTitle>Developer</JobTitle> 
   </Employee>
   <Employee diffgr:id="Employee2" msdata:rowOrder="1">
    <ID>2</ID> 
    <CountryID>1</CountryID> 
    <Names>Jon</Names> 
    <Surname>Dow</Surname> 
    <JobTitle>Not Much</JobTitle> 
   </Employee>
   <Country diffgr:id="Country1" msdata:rowOrder="0">
    <ID>1</ID> 
    <Name>Seychelles</Name> 
   </Country>
   <Country diffgr:id="Country2" msdata:rowOrder="1">
    <ID>2</ID> 
    <Name>England</Name> 
   </Country>
  </EmpoyeeDS>
 </diffgr:diffgram>
</DataSet>
