<xml xmlns:s='uuid:BDC6E3F0-6DA3-11d1-A2A3-00AA00C14882'
	xmlns:dt='uuid:C2F41010-65B3-11d1-A29F-00AA00C14882'
	xmlns:rs='urn:schemas-microsoft-com:rowset'
	xmlns:z='#RowsetSchema'>
<s:Schema id='RowsetSchema'>
	<s:ElementType name='row' content='eltOnly' rs:CommandTimeout='30'>
		<s:AttributeType name='au_id' rs:number='1' rs:writeunknown='true'>
			<s:datatype dt:type='string' rs:dbtype='str' dt:maxLength='11' rs:maybenull='false'/>
		</s:AttributeType>
		<s:AttributeType name='au_fname' rs:number='2' rs:writeunknown='true'>
			<s:datatype dt:type='string' rs:dbtype='str' dt:maxLength='20' rs:maybenull='false'/>
		</s:AttributeType>
		<s:AttributeType name='au_lname' rs:number='3' rs:writeunknown='true'>
			<s:datatype dt:type='string' rs:dbtype='str' dt:maxLength='40' rs:maybenull='false'/>
		</s:AttributeType>
		<s:extends type='rs:rowbase'/>
	</s:ElementType>
</s:Schema>
<rs:data>
	<z:row au_id='409-56-7008' au_fname='Abraham' au_lname='Bennet'/>
	<z:row au_id='648-92-1872' au_fname='Reginald' au_lname='Blotchet-Halls'/>
	<z:row au_id='238-95-7766' au_fname='Cheryl' au_lname='Carson'/>
	<z:row au_id='722-51-5454' au_fname='Michel' au_lname='DeFrance'/>
	<z:row au_id='712-45-1867' au_fname='Innes' au_lname='del Castillo'/>
	<z:row au_id='427-17-2319' au_fname='Ann' au_lname='Dull'/>
	<z:row au_id='213-46-8915' au_fname='Marjorie' au_lname='Green'/>
	<z:row au_id='527-72-3246' au_fname='Morningstar' au_lname='Greene'/>
	<z:row au_id='472-27-2349' au_fname='Burt' au_lname='Gringlesby'/>
	<z:row au_id='846-92-7186' au_fname='Sheryl' au_lname='Hunter'/>
	<z:row au_id='756-30-7391' au_fname='Livia' au_lname='Karsen'/>
	<z:row au_id='486-29-1786' au_fname='Charlene' au_lname='Locksley'/>
	<z:row au_id='724-80-9391' au_fname='Stearns' au_lname='MacFeather'/>
	<z:row au_id='893-72-1158' au_fname='Heather' au_lname='McBadden'/>
	<z:row au_id='267-41-2394' au_fname='Michael' au_lname='O&#x27;Leary'/>
	<z:row au_id='807-91-6654' au_fname='Sylvia' au_lname='Panteley'/>
	<z:row au_id='998-72-3567' au_fname='Albert' au_lname='Ringer'/>
	<z:row au_id='899-46-2035' au_fname='Anne' au_lname='Ringer'/>
	<z:row au_id='341-22-1782' au_fname='Meander' au_lname='Smith'/>
	<z:row au_id='274-80-9391' au_fname='Dean' au_lname='Straight'/>
	<z:row au_id='724-08-9931' au_fname='Dirk' au_lname='Stringer'/>
	<z:row au_id='172-32-1176' au_fname='Johnson' au_lname='White'/>
	<z:row au_id='672-71-3249' au_fname='Akiko' au_lname='Yokomoto'/>
</rs:data>
</xml>