<Authors><Author><Author.au_id>409-56-7008</Author.au_id><Author.au_fname>Abraham</Author.au_fname><Author.au_lname>Bennet</Author.au_lname></Author><Author><Author.au_id>648-92-1872</Author.au_id><Author.au_fname>Reginald</Author.au_fname><Author.au_lname>Blotchet-Halls</Author.au_lname></Author><Author><Author.au_id>238-95-7766</Author.au_id><Author.au_fname>Cheryl</Author.au_fname><Author.au_lname>Carson</Author.au_lname></Author><Author><Author.au_id>722-51-5454</Author.au_id><Author.au_fname>Michel</Author.au_fname><Author.au_lname>DeFrance</Author.au_lname></Author></Authors>
